Wifi Gratis,Conexión a Internet de alta velocidad en todas las áreas del hotel para que puedas estar siempre conectado.,78428,1,Vespertino,Internet,4,1
Desayuno Buffet,Disfruta de un desayuno variado con opciones calientes y frías, perfecto para comenzar tu día.,13599,10,Madrugada,Restaurante,12,2
Estacionamiento,Amplio estacionamiento seguro para los huéspedes que llegan en automóvil.,47034,3,Nocturno,Estacionamiento,13,3
Piscina al Aire Libre,Una piscina espaciosa con áreas de descanso para relajarte bajo el sol.,68257,5,Anochecer,Piscina,13,4
Gimnasio,Equipo de ejercicio moderno y un gimnasio bien equipado para mantenerse en forma durante tu estadía.,19934,9,Vespertino,Gimnasio,4,5
Servicio de Habitación 24/7,Solicita comida, bebidas y servicios a tu habitación en cualquier momento del día o la noche.,32511,2,Matutino,Servicio de Habitación,14,6
Servicio de Lavandería,Lavado y planchado de ropa disponible para los huéspedes.,13419,4,Madrugada,Lavandería,3,7
Spa y Masajes,Relájate y rejuvenece con tratamientos de spa y masajes en el lugar.,67643,4,Vespertino,Spa,10,8
Restaurante en el Hotel,Saborea deliciosas comidas en el restaurante del hotel con opciones gastronómicas variadas.,81991,6,Amanecer,Restaurante,7,9
Bar y Lounge,Un lugar ideal para disfrutar de bebidas y socializar con otros huéspedes.,72633,1,Nocturno,Bar,13,10
Recepción 24/7,Atención al cliente disponible en todo momento para ayudarte con tus necesidades.,73181,9,Atardecer,Recepción,13,11
Servicio de Conserjería,Consejos y asistencia personalizada para planificar actividades y excursiones locales.,73670,3,Tarde,Conserjería,13,12
Transporte al Aeropuerto,Traslado desde y hacia el aeropuerto para tu comodidad.,20062,9,Medianoche,Transporte,10,13
Salas de Reuniones,Espacios para conferencias y reuniones de negocios con servicios audiovisuales.,51562,9,Vespertino,Salón,14,14
Centro de Negocios,Acceso a computadoras, impresoras y servicios de oficina para viajeros de negocios.,53714,1,Nocturno,Salón,14,15
Guardería Infantil,Cuidado de niños y actividades para los más pequeños.,56055,2,Madrugada,Guardería,6,16
Admisión de Mascotas,Alojamiento que permite traer a tus mascotas contigo durante tu estadía.,31081,1,Hora punta,Mascotas,11,17
Servicio de Cambio de Divisas,Cambio de moneda extranjera disponible en el hotel.,83773,6,Diurno,Divisas,12,18
Alquiler de Bicicletas,Explora el área local en bicicleta con el alquiler de bicicletas del hotel.,15137,4,Atardecer,Deporte,4,19
Concierge de Playa,Servicio de conserjería en la playa para hacer que tu día en la costa sea perfecto.,10018,8,Matutino,Conserjería,6,20
Acceso a la Playa,Acceso directo a la playa para disfrutar de días de sol y mar.,35971,3,Amanecer,Playa,15,21
Programa de Entretenimiento Nocturno,Actividades y entretenimiento en vivo por la noche para disfrutar de tu estancia.,57332,2,Hora punta,Entretenimiento,10,22
Alquiler de Equipos de Deportes Acuáticos,Opciones como kayak, paddleboard y esnórquel disponibles para los huéspedes.,99549,7,Hora punta,Deporte,9,23
Servicio de Bodas y Eventos,Planificación y coordinación de bodas y eventos especiales en el hotel.,58629,7,Atardecer,Salón,4,24
Servicio de Limpieza en Seco,Limpieza en seco y planchado de ropa disponible para eventos formales.,64009,8,Diurno,Lavandería,9,25
Programa de Recompensas para Huéspedes Frecuentes,Ofertas y beneficios especiales para clientes habituales.,87524,5,Matutino,Recompensas,7,26
Alquiler de Coches,Alquiler de automóviles directamente desde el hotel para explorar la zona.,93800,5,Tarde,Transporte,7,27
Programas de Ejercicio y Yoga,Clases y actividades de fitness para mantenerse activo durante tu estancia.,57964,8,Matutino,Deporte,12,28
Servicio de Alquiler de DVD,Peliculas y entretenimiento en tu habitación para las noches de descanso.,50556,6,Anochecer,Entretenimiento,7,29
Espacios para No Fumadores,Espacios libre de humo para huéspedes no fumadores.,62600,8,Nocturno,Otros,15,30
Espacios con Vistas al Mar,Disfruta de impresionantes vistas al océano.,93638,1,Madrugada,Otros,10,31
Espacios con Jacuzzi Privado,Espacios con jacuzzi para relajarte en privado.,71328,4,Matutino,Otros,10,32
Espacios Familiares,Espacio adicional y comodidades para familias que viajan juntas.,80705,6,Nocturno,Otros,7,33
Lounrge Privada,Espacio de lujo privado con amplios espacios y comodidades exclusivas.,89441,8,Diurno,Otros,5,34
Espacios Adaptadados para Personas con Discapacidad,Instalaciones y servicios accesibles para huéspedes con necesidades especiales.,37726,2,Madrugada,Otros,11,35
Programa de Excursiones Locales,Organización de salidas y tours para explorar los alrededores.,54427,5,Hora punta,Excursiones,13,36
Alquiler de Equipo de Esquí,Equipamiento de esquí para huéspedes que visitan destinos de montaña.,26356,5,Nocturno,Deporte,8,37
Servicio de Reservas de Restaurantes,Ayuda con las reservas en los restaurantes locales más populares.,49581,2,Nocturno,Restaurante,13,38
Área de Juegos para Niños,Espacio dedicado para que los niños se diviertan y jueguen.,34149,1,Hora punta,Entretenimiento,11,39
Servicio de Información Turística,Consejos y guías turísticas para explorar la zona.,85776,1,Tarde,Excursiones,15,40
Servicio de Recepción de Paquetes,Recepción y almacenamiento de paquetes y entregas.,96375,3,Diurno,Otros,12,41
Programa de Reciclaje y Sostenibilidad,Compromiso con la sostenibilidad y el reciclaje ambiental.,74909,10,Nocturno,Otros,10,42
Centro de Arte y Cultura,Exposiciones de arte y eventos culturales en el hotel.,50887,10,Diurno,Otros,9,43
Tienda de Regalos y Souvenirs,Compra de souvenirs y regalos en el lugar.,26456,9,Anochecer,Tienda,11,44
Servicio de Reserva de Teatro o Espectáculos,Ayuda para reservar entradas para eventos y espectáculos locales.,85117,4,Madrugada,Entretenimiento,4,45
Sala de Juegos,Área de juegos con billar, futbolín y otros juegos recreativos.,40235,1,Atardecer,Entretenimiento,11,46
Clases de Cocina,Lecciones de cocina para aprender a preparar platos locales.,13778,5,Anochecer,Entretenimiento,11,47
Servicio de Canguro,Cuidado de niños a cargo de profesionales para que los padres disfruten de tiempo libre.,83162,3,Anochecer,Guardería,15,48
Programas de Bienestar y Salud,Actividades como yoga y meditación para el bienestar de los huéspedes.,12502,6,Vespertino,Deporte,10,49
Alquiler de Equipo de Golf,Equipos de golf y acceso a campos de golf cercanos para los amantes de este deporte.,78589,8,Diurno,Deporte,10,50